username,first_name,last_name,email,password
tonya26,Jeremiah,Barrett,brycenelson@example.net,*87F3PCi3(
bobby31,Gabriel,Martin,mary32@example.org,g6&8MXlyX+
brianmclean,Andrew,Charles,jim59@example.org,#b0XIDSBW7
christopherwilliams,Jamie,Petersen,christine88@example.com,26oDAG)b$4
haley71,Jennifer,Smith,gcastro@example.org,fE$2Ye_Rt$
helenlee,Brett,Hawkins,parksstephen@example.net,KC3uo0RiW(
millersheila,Amy,Johnson,tgarrett@example.com,7vSF#3Wv77
timothy18,Susan,Ward,gary36@example.com,iAz3Uzeg&m
tchapman,Natalie,Butler,zwilson@example.net,N3EkbrSc)J
nshah,Anthony,Nguyen,sharon86@example.com,(1FSMKQe$#
